Station Code;Max concentration (µg/m³) 2024;Min concentration (µg/m³) 2024;Mean annual concentration (µg/m³) 2024;Days exceeding 45 µg/m³ 2024;Mean annual concentration exceeding 20 µg/m³ 2024;Longitude;Latitude;Air Quality Station Name;Municipality;Country;Networks;Air Quality Station Area;Air Quality Station Type;Main Emission Sources;Latitude_y;Longitude_y;Urban sites;ACF MSE;ACF MAE;MOS MSE;MOS MAE;ENSEMBLE MSE;ENSEMBLE MAE
SPO-DK0012R_00005_101;87.65;0.05;12.2760777208547;;0;12.0889;55.6942;Risoe;Vor Frelsers;Denmark;EEA;rural-regional;background;Long-range transboundary transport;55.6942;12.0889;Copenhagen;0.125388;0.256411;0.140982;0.268171;0.166742;0.294208
SPO-DK0034A_00005_100;270.05;0.05;19.9010816708229;1;0;12.5711;55.6743;Copenhagen/1103;Maria;Denmark;EEA;urban;traffic;Long-range transboundary transport;55.6743;12.5711;Copenhagen;0.406692;0.408078;;;0.707764;0.569863
SPO-FI00179_00005_100;544.671238;0.119121;8.85546116678958;1;0;22.1431;61.3316;Pirkkala;Harjavalta;Finland;EEA;suburban;industrial;Industrial Processes;61.3316;22.1431;;;;;;;
SPO-FI00184_00005_100;198.296923;0.120727;8.37170166353245;;0;22.135;61.3135;Kaleva;Harjavalta;Finland;EEA;suburban;industrial;Industrial Processes;61.3135;22.135;;;;;;;
SPO_NO0059A_5_11;663.544775;0.10028;13.2794223704205;8;0;5.3404;60.3741;Danmarks plass;Bergen;Norway;EEA;urban;traffic;;60.3741;5.3404;Bergen;2.151204;0.260137;;;2.23962;0.302061
SPO-FI00301_00005_100;111.20085;0.009848;9.31293492619223;;0;25.4979;65.0434;Pyykösjärvi;Oulu;Finland;EEA;suburban;background;Transport;65.0434;25.4979;;;;;;;
SPO-FI00349_00005_100;104.403423;0.0943;6.80341993657817;;0;21.374;59.7792;Utö;Parainen;Finland;EEA;rural;background;Long-range transboundary transport;59.7792;21.374;;;;;;;
SPO_NO0108A_5_2071;400.584262;0.086922;7.3655923931293;;0;5.3324;60.4627;Rolland, Åsane;Bergen;Norway;EEA;suburban;background;;60.4627;5.3324;Bergen;0.230095;0.210771;;;0.208077;0.213637
SPO-FI00397_00005_100;640.578376;0.147851;12.3990390739307;11;0;22.7184;63.6791;Bottenviksvägen;Pietarsaari;Finland;EEA;urban;traffic;Transport;63.6791;22.7184;;;;;;;
SPO-FI00404_00005_100;344.075706;0.045884;12.0366948424025;4;0;23.1316;63.8376;Keskusta Pitkänsillankatu;Kokkola;Finland;EEA;urban;traffic;Transport;63.8376;23.1316;;;;;;;
SPO-FI00424_00005_100;322.88639;0.002327;10.5653302137923;1;0;28.7701;61.1889;Mansikkala;Imatra;Finland;EEA;urban;traffic;Transport;61.1889;28.7701;;;;;;;
SPO_NO0109A_5_2067;505.13122;0.12338;11.1491064564897;4;0;5.2369;60.3611;Loddefjord;Bergen;Norway;EEA;suburban;traffic;;60.3611;5.2369;Bergen;0.339418;0.249747;;;0.450958;0.282617
SPO-FI00427_00005_100;35.997911;0.010452;2.94335301376598;;0;24.2457;68.0005;Matorova;Kittilä;Finland;EEA;rural-regional;background;Long-range transboundary transport;68.0005;24.2457;;;;;;;
SPO-FI00433_00005_100;89.682008;0.016445;9.60985500129088;;0;28.8101;61.153;Teppanala;Imatra;Finland;EEA;suburban;industrial;Industrial Processes;61.153;28.8101;;;;;;;
SPO-FI00434_00005_100;598.844167;0.002205;7.86753601961628;1;0;28.4985;61.1171;Joutsenon keskusta;Lappeenranta;Finland;EEA;suburban;traffic;Transport;61.1171;28.4985;;;;;;;
SPO-FI00444_00005_100;311.803601;0.171909;10.3379378298095;3;0;22.0284;60.4674;Naantalin keskusta;Naantali;Finland;EEA;urban;traffic;Transport;60.4674;22.0284;;;;;;;
SPO-FI00446_00005_100;293.715172;0.034014;11.9723743557645;4;0;25.4713;65.01;Oulun keskusta 2;Oulu;Finland;EEA;urban;traffic;Transport;65.01;25.4713;;;;;;;
SPO-FI00455_00005_100;377.304731;0.164224;13.2123924144543;11;0;25.6549;60.967;Laune;Lahti;Finland;EEA;suburban;traffic;Transport;60.967;25.6549;;;;;;;
SPO-FI00465_00005_100;869.047487;0.005289;10.7277093823275;5;0;21.6183;63.0951;Vaasan keskusta;Vaasa;Finland;EEA;urban;traffic;Transport;63.0951;21.6183;;;;;;;
SPO-FI00549_00005_100;197.593863;0.008008;10.2065692586037;4;0;23.7357;61.4987;Pirkankatu;Tampere;Finland;EEA;urban;traffic;Transport;61.4987;23.7357;;;;;;;
SPO-FI00558_00005_100;373.895563;0.103522;12.2566992769174;12;0;27.6869;62.8933;Maaherrankatu;Kuopio;Finland;EEA;urban;traffic;Transport;62.8933;27.6869;;;;;;;
SPO_NO0120A_5_2902;814.321955;0.068269;9.30416206569567;3;0;5.3127;60.3959;Klosterhaugen;Bergen;Norway;EEA;urban;background;;60.3959;5.3127;Bergen;0.305231;0.196578;0.315051;0.174843;0.316671;0.200105
SPO-FI00570_00005_100;168.402036;0.116893;9.0276517780236;1;0;24.4816;64.6834;Raahen keskusta 2;Raahe;Finland;EEA;urban;traffic;Transport;64.6834;24.4816;;;;;;;
SPO-FI00586_00005_100;146.106593;0.000135;5.94165823247939;7;0;21.6127;63.0935;Vaasa vesitorni;Vaasa;Finland;EEA;urban;background;Transport;63.0935;21.6127;;;;;;;
SPO-FI00606_00005_100;240.916563;0.003533;10.391564610558;2;0;28.1843;61.0558;Lappeenrannan keskusta 4;Lappeenranta;Finland;EEA;urban;traffic;Transport;61.0558;28.1843;;;;;;;
SPO_NO0121A_5_2888;784.578591;0.004336;10.8922267790288;3;0;5.3246;60.2943;Rådal;Bergen;Norway;EEA;suburban;traffic;;60.2943;5.3246;Bergen;0.723757;0.217479;;;0.728614;0.240124
SPO-FI00838_00005_100;529.478598;0.008008;10.5126938724803;6;0;23.6758;61.5085;Epila 2;Tampere;Finland;EEA;suburban;traffic;Transport;61.5085;23.6758;;;;;;;
SPO-FI00839_00005_100;614.05872;0.206389;17.6325873990905;24;0;27.6619;62.882;Tasavallankatu;Kuopio;Finland;EEA;urban;traffic;Transport;62.882;27.6619;;;;;;;
SPO-FI00208_00005_101;543.7977;0.100901;7.55399489976647;1;0;24.6849;60.3144;Luukki;Espoo;Finland;EEA;rural;background;Long-range transboundary transport;60.3144;24.6849;Helsinki;1.690706;0.39894;2.684669;0.571875;2.351771;0.636505
SPO-FI00889_00005_100;275.153576;0.093363;11.5220892044617;4;0;25.6658;60.9913;Saimaankatu;Lahti;Finland;EEA;urban;traffic;Transport;60.9913;25.6658;;;;;;;
SPO-FI00892_00005_100;187.238476;0.055678;11.0276876125661;;0;26.701;60.8704;Kankaan Koulu;Kouvola;Finland;EEA;urban;traffic;Transport;60.8704;26.701;;;;;;;
SPO-FI00893_00005_100;104.832138;0.126731;5.74389493241778;;0;27.6754;60.53;Virolahti 2;Virolahti;Finland;EEA;rural;background;Long-range transboundary transport;60.53;27.6754;;;;;;;
SPO-FI00370_00005_100;191.042;0.002576;12.5381889229351;2;0;25.0395;60.2899;Tikkurila 3;Vantaa;Finland;EEA;urban;traffic;Other;60.2899;25.0395;Helsinki;0.542517;0.402199;;;0.82831;0.510985
SPO-FI00928_00005_100;783.702796;0.246298;14.0567502141101;15;0;21.8133;61.4823;Pori Paanakedonkatu;Pori;Finland;EEA;urban;traffic;Transport;61.4823;21.8133;;;;;;;
SPO-FI00952_00005_100;444.921664;0.146931;12.0123454260079;8;0;25.7479;62.2382;Jyväskylä Hannikaisenkatu;Jyväskylä;Finland;EEA;urban;traffic;Transport;62.2382;25.7479;;;;;;;
SPO-FI00972_00005_100;187.7494;0.001625;9.91080543260362;2;0;24.0695;60.249;Lohja Harjula;Lohja;Finland;EEA;urban;background;Other;60.249;24.0695;;;;;;;
SPO-FI00425_00005_100;118.0043;0.006153;9.46111791328663;;0;24.9506;60.1874;Kallio 2;Helsinki;Finland;EEA;urban;background;Other;60.1874;24.9506;Helsinki;0.43154;0.415641;;;0.61731;0.505748
SPO-IS0025A_00005_100;97.0767;1.125;5.65780768899816;;0;-21.7591;64.3736;Grundartangi Kríuvarða;;Iceland;EEA;rural;industrial;Industrial Processes;64.3736;-21.7591;;;;;;;
SPO-FI00564_00005_100;461.9083;0.3423;17.574661615413;15;0;24.9392;60.1696;Mannerheimintie;Helsinki;Finland;EEA;urban;traffic;Other;60.1696;24.9392;Helsinki;0.353523;0.30682;;;0.61562;0.445518
SPO-IS0041A_00005_100;80.36;0.020666;6.07001777320792;;0;-21.8357;64.3342;Grundartangi Gröf;;Iceland;EEA;rural;industrial;Industrial Processes;64.3342;-21.8357;;;;;;;
SPO-FI00781_00005_100;87.31972;0.158941;8.91191686688791;;0;25.1024;60.2239;Vartiokylä Huivipolku;Helsinki;Finland;EEA;suburban;background;Other;60.2239;25.1024;Helsinki;0.524695;0.466782;0.689935;0.564726;0.81148;0.587006
SPO-IS0049A_00005_100;290.908;0.029296846153846;5.32999831200488;;0;-17.3422;66.0793;PCC norður;;Iceland;EEA;suburban;industrial;Industrial Processes;66.0793;-17.3422;;;;;;;
SPO-IS0050A_00005_100;773.574;0.136719;8.12426574733349;4;0;-17.3476;66.0549;PCC suður;;Iceland;EEA;suburban;industrial;Industrial Processes;66.0549;-17.3476;;;;;;;
SPO-IS0052A_00005_100;985;0.25;15.6586180323658;18;0;-18.0882;65.6841;Akureyri Strandgata (við Hof);;Iceland;EEA;urban;traffic;Transport;65.6841;-18.0882;;;;;;;
SPO-FI00841_00005_100;227.3028;0.259397;14.531962472468;9;0;24.8113;60.2202;Leppävaara 4;Espoo;Finland;EEA;urban;traffic;Other;60.2202;24.8113;Helsinki;0.554343;0.366901;;;0.916701;0.490029
SPO-FI00902_00005_100;270.0343;0.307609;18.3196965682153;21;0;24.952;60.1964;Mäkelänkatu;Helsinki;Finland;EEA;urban;traffic;Other;60.1964;24.952;Helsinki;0.600017;0.358684;;;0.911457;0.460329
SPO-SE0004A_00005_100;154.998;0.140259;15.425385811824;12;0;11.9702;57.709;Göteborg Femman;Göteborg;Sweden;EEA;urban;background;Transport;57.709;11.9702;;;;;;;
SPO-SE0005R_00005_101;55.3;0.1;3.39310870308847;;0;15.3197;63.8455;Bredkälen;Strömsund;Sweden;EEA;rural;background;Long-range transboundary transport;63.8455;15.3197;;;;;;;
SPO-SE0014R_00005_100;48.7;0.1;11.5971270181908;;0;11.9142;57.3936;Råö;Kungsbacka;Sweden;EEA;rural;background;Long-range transboundary transport;57.3936;11.9142;;;;;;;
SPO-SE0021A_00005_100;104;0.2;51.2659007148718;198;1;11.9946;57.7009;Göteborg Gårda;Göteborg;Sweden;EEA;urban;traffic;Transport;57.7009;11.9946;;;;;;;
SPO-SE0001A_00005_100;69.8;0.009;10.9839076708456;;0;13.002;55.6064;Malmö Rådhuset;Malmö;Sweden;EEA;urban;background;Transport;55.6064;13.002;Malmo;0.296044;0.393117;0.38589;0.453106;0.485712;0.498133
SPO-SE0058A_00005_100;257.6;0.52;13.4463601765291;4;0;13.0062;55.5847;Malmö Dalaplan;Malmö;Sweden;EEA;urban;traffic;Transport;55.5847;13.0062;Malmo;0.631056;0.404058;;;0.775035;0.463157
SPO-SE0056A_00005_101;44.2;0.038333333333334;13.0397321428571;;0;12.8336;55.8774;Landskrona Eriksgatan;Landskrona;Sweden;EEA;urban;traffic;Transport;55.8774;12.8336;;;;;;;
SPO-SE155531_00005_100;88.7;1.6;19.4484859093296;8;0;13.1575;55.3729;Trelleborg Hamngatan;Trelleborg;Sweden;EEA;urban;traffic;Transport;55.3729;13.1575;Malmo;0.383051;0.374842;;;1.280922;0.80172
SPO-SE0059A_00005_100;417.6;0.022;20.4562337222431;36;1;20.2585;63.8289;Umeå Västra Esplanaden;Umeå;Sweden;EEA;urban;traffic;Transport;63.8289;20.2585;;;;;;;
SPO-SE38350_00005_100;136.3;0.00048;9.33184135525507;;0;13.1803;55.7033;Lund Trollebergsvägen;Lund;Sweden;EEA;urban;traffic;Transport;55.7033;13.1803;Malmo;0.613574;0.546902;;;0.683835;0.562057
SPO_NO0011A_5_19;614.233429;0.004704;14.1533215373033;11;0;10.7245;59.9323;Kirkeveien;Oslo;Norway;EEA;urban;traffic;;59.9323;10.7245;Oslo;0.124883;0.187778;;;0.143366;0.183676
SPO_NO0057A_5_41;416.495882;0.001483;20.5913753836037;25;1;10.8466;59.9277;Alnabru;Oslo;Norway;EEA;suburban;traffic;;59.9277;10.8466;Oslo;0.831371;0.453104;;;1.432483;0.588169
SPO-SE0085A_00005_101;67.85;0.2688;12.6065602077188;1;0;12.6916;56.0472;Helsingborg Drottninggatan;Helsingborg;Sweden;EEA;urban;traffic;Transport;56.0472;12.6916;;;;;;;
SPO_NO0071A_5_38;365.75;0.11;19.3335546729552;21;0;10.8149;59.8986;Manglerud;Oslo;Norway;EEA;suburban;traffic;;59.8986;10.8149;Oslo;0.561783;0.389538;;;1.12577;0.571745
SPO-SE0095A_00005_100;906.994;0.342;17.4522661339889;18;0;17.3089;62.3886;Sundsvall Köpmangatan;Sundsvall;Sweden;EEA;urban;traffic;Transport;62.3886;17.3089;;;;;;;
SPO-SE0100A_00005_100;8.1;8.1;8.1;;0;22.1404;65.5806;Luleå Sandviksgatan;Luleå;Sweden;EEA;urban;traffic;Transport;65.5806;22.1404;;;;;;;
SPO-SE0113A_00005_100;5.4;5.4;5.4;;0;12.9447;57.7208;Borås Kungsgatan;Borås;Sweden;EEA;urban;traffic;Transport;57.7208;12.9447;;;;;;;
SPO_NO0072A_5_352;214.165822;0.274938;18.5511755822271;23;0;10.6897;59.9197;Skøyen;Oslo;Norway;EEA;urban;background;;59.9197;10.6897;Oslo;0.872762;0.426134;;;1.697659;0.691355
SPO-SE0117A_00005_101;981.997;0.351375;21.5640868613399;34;1;18.3036;57.6369;Visby Österväg 17;Gotland;Sweden;EEA;urban;traffic;Transport;57.6369;18.3036;;;;;;;
SPO-SE09569_00005_100;607.726;0.012;17.0000706541826;23;0;17.3032;62.3865;Sundsvall Bergsgatan;Sundsvall;Sweden;EEA;urban;traffic;;62.3865;17.3032;;;;;;;
SPO_NO0073A_5_552;317.253845;0.014975;12.7198851009095;7;0;10.7657;59.923;Sofienbergparken;Oslo;Norway;EEA;urban;background;;59.923;10.7657;Oslo;0.630944;0.357808;0.507172;0.337881;0.888453;0.447296
SPO-SE156417_00005_100;250.25;0.276325;14.4848726009095;8;0;17.6463;59.8571;Uppsala Kungsgatan 67;Uppsala;Sweden;EEA;urban;traffic;Transport;59.8571;17.6463;;;;;;;
SPO-SE157868_00005_100;136.6;0.5;20.3926921057238;13;1;14.1595;57.7782;Jönköping Kungsgatan 2A;Jönköping;Sweden;EEA;urban;traffic;Transport;57.7782;14.1595;;;;;;;
SPO_NO0083A_5_793;553.8;0.0584;21.984041033632;31;1;10.6965;59.9193;Bygdøy Alle;Oslo;Norway;EEA;urban;traffic;;59.9193;10.6965;Oslo;1.705835;0.491646;;;2.910644;0.687662
SPO_NO0093A_5_1039;291.94;0.11;23.9847849728126;43;1;10.704;59.9113;Hjortnes;Oslo;Norway;EEA;urban;traffic;;59.9113;10.704;Oslo;0.828761;0.486892;;;1.370571;0.62446
SPO-SE159388_00005_100;85.300003;0.1;8.34957811600147;;0;17.5053;60.0858;Norunda Stenen;Uppsala;Sweden;EEA;rural-regional;background;Long-range transboundary transport;60.0858;17.5053;;;;;;;
SPO-SE159388_00005_101;538.054;0.128025;6.21496868080138;;0;17.5053;60.0858;Norunda Stenen;Uppsala;Sweden;EEA;rural-regional;background;Long-range transboundary transport;60.0858;17.5053;;;;;;;
SPO_NO0095A_5_934;982.42865;0.013894;19.173351592736;20;0;10.6699;59.9325;Smestad;Oslo;Norway;EEA;suburban;traffic;;59.9325;10.6699;Oslo;0.42717;0.290361;;;0.561855;0.35032
SPO-SE159404_00005_100;84.1375;0.13385;7.47469700553097;;0;17.6376;59.8605;Uppsala Dragarbrunnsgatan 23 tak;Uppsala;Sweden;EEA;urban;background;Transport;59.8605;17.6376;;;;;;;
SPO_NO0111A_5_1692;515.436516;0.151319;14.6452197668501;1;0;11.074;59.9555;Vigernes;Skedsmo;Norway;EEA;suburban;traffic;;59.9555;11.074;Oslo;0.28697;0.233996;;;0.322103;0.249696
SPO-SE165095_00005_100;149;0.2123;14.8050720501475;18;0;15.9891;60.2814;Hedemora Gussarvsgatan;Hedemora;Sweden;EEA;urban;traffic;Transport;60.2814;15.9891;;;;;;;
SPO-SE181002_00005_100;293.4;0.035833333333333;10.0975738485357;2;0;14.7993;56.8799;Växjö Liedbergsgatan 11;Växjö;Sweden;EEA;urban;traffic;;56.8799;14.7993;;;;;;;
SPO-SE181259_00005_100;822.3;0.1;24.8416636123402;43;1;14.6411;63.1739;Östersund Rådhusgatan;Östersund;Sweden;EEA;urban;traffic;Transport;63.1739;14.6411;;;;;;;
SPO-SE181993_00005_100;175.7;0.2;13.1529258628319;1;0;16.3336;56.6642;Kalmar Södra Vägen;Kalmar;Sweden;EEA;urban;traffic;Transport;56.6642;16.3336;;;;;;;
SPO-SE274590_00005_100;316.764;0.123741;14.5246213343166;4;0;11.9568;57.6937;Göteborg Övre Husargatan;Göteborg;Sweden;EEA;urban;traffic;Transport;57.6937;11.9568;;;;;;;
SPO_NO0114A_5_2325;300.1;0.1;13.6302166476625;9;0;10.5839;59.9182;Bekkestua;Bærum;Norway;EEA;suburban;background;;59.9182;10.5839;Oslo;0.520942;0.285144;;;0.740582;0.353835
SPO-SE274953_00005_100;803.7;0.337867;32.8676503640135;99;1;20.9601;64.7495;Skellefteå Kv Pantern;Skellefteå;Sweden;EEA;urban;traffic;Transport;64.7495;20.9601;;;;;;;
SPO-SE301111_00005_100;173.01;0.184325;11.671165405236;3;0;16.1779;58.5915;Norrköping Kungsgatan 32;Norrköping;Sweden;EEA;urban;traffic;Transport;58.5915;16.1779;;;;;;;
SPO-SE301113_00005_100;166.188;0.166175;9.32297500983284;;0;16.1893;58.592;Norrköping Trädgårdsgatan 21;Norrköping;Sweden;EEA;urban;background;Transport;58.592;16.1893;;;;;;;
SPO_NO0122A_5_2945;362.314166;0.147592;20.7427833837266;30;1;10.8504;59.9256;E6 Alna senter;Oslo;Norway;EEA;suburban;traffic;;59.9256;10.8504;Oslo;0.928951;0.441247;;;1.626305;0.592391
SPO-SE313140_00005_100;666.6;0.2;15.3531526548673;20;0;18.7175;63.2918;Örnsköldsvik Centralesplanaden - Nygatan 24;Örnsköldsvik;Sweden;EEA;urban;traffic;Transport;63.2918;18.7175;;;;;;;
SPO-SE313381_00005_100;393.098;0.310133;11.1957015967306;1;0;18.3097;57.6399;Visby Brömsebroväg 8;Gotland;Sweden;EEA;urban;background;Transport;57.6399;18.3097;;;;;;;
SPO-SE32288_00005_100;110.773;0.001;8.48949491648511;;0;15.5889;56.164;Karlskrona N Smedjegatan Ö Köpmansgatan;Karlskrona;Sweden;EEA;urban;traffic;Transport;56.164;15.5889;;;;;;;
SPO-SE338683_00005_100;538.968;0.002016;17.3277662959548;25;0;17.1376;60.6762;Gävle Staketgatan 22;Gävle;Sweden;EEA;urban;traffic;Transport;60.6762;17.1376;;;;;;;
SPO-SE338685_00005_100;389.25;0.254025;14.4892697737217;12;0;15.6301;58.4124;Linköping Hamngatan 10;Linköping;Sweden;EEA;urban;traffic;Transport;58.4124;15.6301;;;;;;;
SPO-SE344172_00005_100;149.3;0.2025;18.2229997050148;24;0;16.5359;59.6077;Västerås Stora Gatan 78;Västerås;Sweden;EEA;urban;traffic;Transport;59.6077;16.5359;;;;;;;
SPO_NO0129A_5_2950;262.90375;0.166388;17.0927026183014;13;0;10.9532;59.9286;Solheim;Lørenskog;Norway;EEA;suburban;traffic;;59.9286;10.9532;Oslo;0.296353;0.268043;;;0.522009;0.344425
SPO_NO0140A_5_3171;179.738333;0.117361;12.1376055274473;2;0;10.736;59.9141;Spikersuppa;Oslo;Norway;EEA;urban;background;;59.9141;10.736;Oslo;0.534704;0.41454;0.38698;0.374813;0.953699;0.560916
SPO-SE36364_00005_100;4.8;4.8;4.8;;0;15.2149;59.2683;Örebro Rudbecksskolan;Örebro;Sweden;EEA;urban;traffic;Transport;59.2683;15.2149;;;;;;;
SPO-SE36365_00005_100;37.3;0.2;10.2063933134955;;0;14.1737;57.7816;Jönköping Lantmätaregränd;Jönköping;Sweden;EEA;urban;background;Transport;57.7816;14.1737;;;;;;;
SPO_NO0142A_5_3183;567.1;0.3;29.4680442804428;10;1;10.5759;59.8988;E18 Høvik kirke;Bærum;Norway;EEA;suburban;traffic;;59.8988;10.5759;Oslo;2.213581;0.618807;;;3.284058;0.844131
SPO_NO0143A_5_3173;242;0.1;15.608850637029;11;0;10.766;59.9169;Vahl skole;Oslo;Norway;EEA;urban;traffic;;59.9169;10.766;Oslo;0.59222;0.382419;;;0.99007;0.518451
SPO_NO0147A_5_3157;139.6;0.4;24.0353971962617;6;1;11.0429;59.9583;Vollaparken øst;Skedsmo;Norway;EEA;suburban;background;;59.9583;11.0429;Oslo;0.939983;0.561378;;;1.939166;0.820775
SPO_NO0002R_5_1572;0.595;0.595;0.595;;0;8.2519;58.3885;Birkenesobservatoriet;Birkenes;Norway;EEA;rural-regional;background;;58.3885;8.2519;;;;;;;
SPO-IS0005A_00005_103;988;0.333333333333333;13.6551202922282;8;0;-21.8747;64.1301;Reykjavik Grensas;;Iceland;EEA;urban;traffic;Transport;64.1301;-21.8747;Reykjavik;0.202287;0.167201;;;0.21413;0.162604
SPO_NO0039R_5_1546;1.58885714285714;1.588;1.58842857142857;;0;8.8766;62.7825;Kårvatn;Sunndal;Norway;EEA;rural-regional;background;;62.7825;8.8766;;;;;;;
SPO_NO0056R_5_1539;0.552714285714286;0.125;0.338857142857143;;0;11.0741;60.3729;Hurdal25;Hurdal;Norway;EEA;rural-regional;background;;60.3729;11.0741;;;;;;;
SPO-IS0037A_00005_100;654.377;0.001666;8.23335943897442;2;0;-21.889;64.105;Kópavogur Dalsmári;;Iceland;EEA;suburban;background;Transport;64.105;-21.889;Reykjavik;0.622211;0.25372;0.252565;0.250914;0.706681;0.320549
SPO-IS0046A_00005_101;154.6;0.005833;6.6091434240369;;0;-21.9854;64.0442;Hafnarfjörður Norðurhella;;Iceland;EEA;suburban;background;Transport;64.0442;-21.9854;Reykjavik;0.367479;0.314792;;;0.429811;0.403858
SPO_NO0060A_5_1685;890.118927;0.002482;16.4550140704277;17;0;10.3968;63.4174;Elgeseter;Trondheim;Norway;EEA;urban;traffic;;63.4174;10.3968;;;;;;;
SPO_NO0061A_5_713;332.86;0.11;22.6354866873065;24;1;9.6357;59.1593;Lensmannsdalen;Grenland;Norway;EEA;suburban;traffic;;59.1593;9.6357;;;;;;;
SPO_NO0063A_5_192;107.579166;0.326385;9.53308070470747;;0;7.9918;58.1489;Stener Heyerdahl;Kristiansand;Norway;EEA;urban;background;;58.1489;7.9918;;;;;;;
SPO_NO0065A_5_52;850.852286;0.310833;13.2674543587411;3;0;5.7314;58.9616;Våland;Stavanger;Norway;EEA;suburban;background;;58.9616;5.7314;;;;;;;
SPO-SE0003A_00005_100;394.025;0.295825;16.5124424540315;14;0;18.0487;59.3172;Stockholm Hornsgatan 108 Gata;Stockholm;Sweden;EEA;urban;traffic;Transport;59.3172;18.0487;Stockholm;0.508132;0.305665;;;0.825827;0.409699
SPO-SE0022A_00005_100;302.952;0.058322;10.6070123797935;1;0;18.0578;59.316;Stockholm Torkel Knutssongatan;Stockholm;Sweden;EEA;urban;background;Transport;59.316;18.0578;Stockholm;0.454006;0.31422;;;0.537795;0.401226
SPO-SE0027A_00005_100;180.998;0.059543;16.1546578630086;8;0;18.0583;59.3408;Stockholm Sveavägen 59 Gata;Stockholm;Sweden;EEA;urban;traffic;Transport;59.3408;18.0583;Stockholm;0.518392;0.395137;;;0.865933;0.556721
SPO_NO0074A_5_539;779.788472;0.025666;19.5252384904042;23;0;10.4649;61.1129;Bankplassen;Lillehammer;Norway;EEA;suburban;traffic;;61.1129;10.4649;;;;;;;
SPO_NO0075A_5_544;248.481138;0.016194;13.4710762134758;4;0;10.4656;61.1209;Lillehammer barnehage;Lillehammer;Norway;EEA;suburban;background;;61.1209;10.4656;;;;;;;
SPO_NO0076A_5_46;331.027083;0.187082;10.43391521706;4;0;5.7279;58.9642;Kannik;Stavanger;Norway;EEA;suburban;traffic;;58.9642;5.7279;;;;;;;
SPO_NO0079A_5_392;495.876333;0.0055;15.8494514052509;24;0;18.9637;69.6562;Hansjordnesbukta;Tromsø;Norway;EEA;suburban;traffic;;69.6562;18.9637;Tromso;1.184367;0.418285;;;1.870379;0.576586
SPO-SE0066A_00005_100;42.6967;0.003389;6.02796775510079;;0;18.6313;59.8324;Norr Malma;Norrtälje;Sweden;EEA;rural-regional;background;Long-range transboundary transport;59.8324;18.6313;Stockholm;0.259692;0.351988;;;0.468266;0.455461
SPO_NO0084A_5_967;344.235555;0.224722;14.412323822087;14;0;10.9454;59.2103;St.Croix;Fredrikstad;Norway;EEA;suburban;traffic;;59.2103;10.9454;;;;;;;
SPO_NO0089A_5_1082;236.6;0.2;13.6551940639269;2;0;10.3936;63.4304;Torvet;Trondheim;Norway;EEA;urban;background;;63.4304;10.3936;;;;;;;
SPO-SE0071A_00005_100;535.75;0.0925;11.5896914170354;5;0;17.9224;59.4435;Sollentuna E4 Häggvik;Sollentuna;Sweden;EEA;urban;traffic;Transport;59.4435;17.9224;Stockholm;0.713414;0.338707;;;0.94046;0.39622
SPO-SE0072A_00005_100;455.189;0.018197;16.5607939255777;10;0;17.6211;59.1981;Södertälje Turingegatan 26;Södertälje;Sweden;EEA;urban;traffic;Transport;59.1981;17.6211;Stockholm;0.705215;0.319799;;;1.020185;0.441861
SPO-SE0087A_00005_100;373.436;0.007748;19.5276958363446;15;0;18.0044;59.3255;Stockholm E4/E20 Lilla Essingen;Stockholm;Sweden;EEA;urban;traffic;Transport;59.3255;18.0044;Stockholm;0.248755;0.284535;;;0.49172;0.430967
SPO_NO0102A_5_1530;429.902995;0.006238;18.0604595341999;36;0;10.3717;63.3576;E6-Tiller;Trondheim;Norway;EEA;suburban;traffic;;63.3576;10.3717;;;;;;;
SPO_NO0104A_5_1671;73.608345;2.021684;9.21432639655172;;0;11.0978;60.7965;Vangsveien, Hamar;Hamar;Norway;EEA;suburban;traffic;;60.7965;11.0978;;;;;;;
SPO_NO0106A_5_1231;219.01;0.11;15.6470867208672;8;0;9.6522;59.1382;Sverresgate;Grenland;Norway;EEA;suburban;traffic;;59.1382;9.6522;;;;;;;
SPO-SE0114A_00005_100;887.921;0.00713;15.8560658534907;11;0;17.6348;59.2013;Södertälje Birkakorset;Södertälje;Sweden;EEA;urban;traffic;Transport;59.2013;17.6348;Stockholm;0.578085;0.226132;;;0.724341;0.313454
SPO-SE157992_00005_100;429.15;0.173325;16.0893501733653;11;0;18.037;59.3405;Stockholm St Eriksgatan 83;Stockholm;Sweden;EEA;urban;traffic;Transport;59.3405;18.037;Stockholm;0.810158;0.350544;;;1.161938;0.447629
SPO_NO0110A_5_2064;349.205694;0.225833;13.2158260828417;11;0;11.0892;59.2738;Alvim;Sarpsborg;Norway;EEA;suburban;traffic;;59.2738;11.0892;;;;;;;
SPO-SE157993_00005_100;50.5973;0.346646;8.4600582679558;;0;18.004;59.3133;Stockholm E4 Skonertvägen;Stockholm;Sweden;EEA;urban;traffic;Transport;59.3133;18.004;Stockholm;0.231185;0.354571;;;0.252097;0.311747
SPO_NO0112A_5_1221;887.246694;0.213055;21.2117960740536;37;1;10.6618;59.4335;Kransen;Moss;Norway;EEA;suburban;traffic;;59.4335;10.6618;;;;;;;
SPO-SE159402_00005_100;888.375;0.13135;13.3729562388124;7;0;17.955;59.4459;Sollentuna Danderydsvägen;Sollentuna;Sweden;EEA;urban;traffic;Transport;59.4459;17.955;Stockholm;2.362908;0.291854;;;2.520123;0.358242
SPO_NO0115A_5_2473;894.477177;0.00035;12.9536976757;2;0;9.6956;59.0573;Furulund;Grenland;Norway;EEA;suburban;industrial;;59.0573;9.6956;;;;;;;
SPO_NO0118A_5_2723;178.614808;0.334916;17.0541889011799;11;0;9.6219;59.1335;Knarrdalstranda;Grenland;Norway;EEA;suburban;background;;59.1335;9.6219;;;;;;;
SPO_NO0119A_5_2701;948.40586;0.119963;17.0567158169023;32;0;11.5593;60.8836;Leiret;Elverum;Norway;EEA;suburban;traffic;;60.8836;11.5593;;;;;;;
SPO-SE159403_00005_100;61.7487;1.01369;8.56138774033149;;0;18.0771;59.3146;Stockholm Folkungagatan 70;Stockholm;Sweden;EEA;urban;traffic;Transport;59.3146;18.0771;Stockholm;0.121825;0.2393;;;0.125625;0.204002
SPO-SE164905_00005_100;192.105;0.181975;13.4003684684339;3;0;17.9969;59.3651;Solna Råsundavägen 107;Solna;Sweden;EEA;urban;traffic;;59.3651;17.9969;Stockholm;1.154601;0.473355;;;1.466261;0.546043
SPO-SE274652_00005_100;962.375;0.099165;14.3712191938299;8;0;17.9497;59.4336;Sollentuna Sollentunavägen 192;Sollentuna;Sweden;EEA;urban;traffic;Transport;59.4336;17.9497;Stockholm;1.039902;0.332943;;;1.37806;0.420617
SPO_NO0124A_5_2957;175.5215;0.007748369072165;11.6592143681424;3;0;18.9564;69.6543;Rambergan;Tromsø;Norway;EEA;suburban;background;;69.6543;18.9564;Tromso;0.769086;0.478246;0.908692;0.612674;1.795245;0.763082
SPO_NO0125A_5_3017;298.001111;0.202527;11.2053757748002;6;0;5.7219;58.9519;Schancheholen;Stavanger;Norway;EEA;suburban;traffic;;58.9519;5.7219;;;;;;;
SPO_NO0127A_5_2964;547.14875;0.004143175406871;10.3927002949383;16;0;16.5374;68.7922;Seljestad Rv83;Harstad;Norway;EEA;suburban;traffic;;68.7922;16.5374;;;;;;;
SPO_NO0128A_5_2972;325.573669;0.44908;13.3427172483403;8;0;10.4112;59.2637;Nedre Langgate;Tønsberg;Norway;EEA;suburban;traffic;;59.2637;10.4112;;;;;;;
SPO-SE301757_00005_100;299.25;0.139175;12.9732526482301;7;0;17.9763;59.3643;Sundbyberg Tulegatan 9;Sundbyberg;Sweden;EEA;urban;traffic;Transport;59.3643;17.9763;Stockholm;0.267382;0.222334;;;0.342298;0.247902
SPO_NO0130A_5_3000;583.3;0.1;19.5630469518191;30;0;10.9379;60.8859;Ringsakervegen;unknown;Norway;EEA;suburban;traffic;;60.8859;10.9379;;;;;;;
SPO_NO0134A_5_3121;214.834861;0.263611;10.2979482657325;4;0;8.0238;58.1623;Bjørndalssletta;Kristiansand;Norway;EEA;suburban;traffic;;58.1623;8.0238;;;;;;;
SPO_NO0135A_5_3126;997.15;0.3;14.822983771822;12;0;10.1653;59.7495;Backeparken;Drammen;Norway;EEA;suburban;background;;59.7495;10.1653;;;;;;;
SPO_NO0136A_5_3124;385.1;0.3;19.9312871655104;32;0;10.1444;59.7536;Vårveien;Drammen;Norway;EEA;suburban;traffic;;59.7536;10.1444;;;;;;;
SPO-SE344250_00005_100;92.7;0.1;13.3795028881498;5;0;18.0424;59.4156;Danderyd Gymnasiet;Danderyd;Sweden;EEA;suburban;background;Transport;59.4156;18.0424;Stockholm;0.718116;0.439265;;;1.424181;0.777673
SPO_NO0141A_5_3178;171.28575;0.169944;8.01399525399459;2;0;5.7265;58.9726;Vågen;Stavanger;Norway;EEA;suburban;background;;58.9726;5.7265;;;;;;;
SPO-SE344252_00005_100;72.2;0.2;10.854926686217;1;0;18.0441;59.3939;Danderyd Mörbyskolan;Danderyd;Sweden;EEA;suburban;background;Transport;59.3939;18.0441;Stockholm;0.643882;0.479509;;;0.938352;0.600795
SPO-SE37479_00005_100;368.759;0.267325;10.7946973356686;;0;17.9199;59.489;Sollentuna Ekmans Väg 11;Sollentuna;Sweden;EEA;urban;traffic;Transport;59.489;17.9199;Stockholm;0.535518;0.309234;;;0.642115;0.344132
SPO_NO0145A_5_3060;345.306666;0.018333;8.36134202421925;3;0;10.4444;63.4105;Omkjøringsvegen;Trondheim;Norway;EEA;urban;traffic;;63.4105;10.4444;;;;;;;
SPO-SE37479_00005_100;368.759;0.267325;10.7946973356686;;0;17.9199;59.489;Sollentuna Ekmans Väg 11;Sollentuna;Sweden;EEA;urban;traffic;Transport;59.489;17.9199;Stockholm;0.535518;0.309234;;;0.642115;0.344132
